full_name,last_name,party,start_date,end_date
Max Aardema,Aardema,PVV,6 december 2023,
Thierry Aartsen,Aartsen,VVD,13 september 2018,
Ine Aasted Madsen,Aasted Madsen,CDA,3 september 2008,16 juni 2010
Ine Aasted Madsen,Aasted Madsen,CDA,13 mei 2008,17 augustus 2008
Ismail el Abassi,Abassi,DENK,6 december 2023,
Ron Abel,Abel,SP,30 november 2006,8 april 2008
Fleur Agema,Agema,PVV,30 november 2006,12 januari 2015
Fleur Agema,Agema,PVV,5 mei 2015,2 juli 2024
Eva Akerboom,Akerboom,PvdD,16 oktober 2018,3 februari 2019
Eva Akerboom,Akerboom,PvdD,13 oktober 2022,1 februari 2023
Eva Akerboom,Akerboom,PvdD,10 mei 2023,10 augustus 2023
Eva Akerboom,Akerboom,PvdD,27 september 2023,5 december 2023
Nebahat Albayrak,Albayrak,PvdA,30 november 2006,21 februari 2007
Nebahat Albayrak,Albayrak,PvdA,2 augustus 2011,19 september 2012
Nebahat Albayrak,Albayrak,PvdA,12 mei 2010,11 april 2011
Rendert Algra,Algra,CDA,1 september 2009,16 juni 2010
Mahir Alkaya,Alkaya,SP,18 januari 2018,5 december 2023
Mustafa Amhaouch,Amhaouch,CDA,12 januari 2016,5 december 2023
Ed Anker,Anker,CU,1 maart 2007,16 juni 2010
Charlie Aptroot,Aptroot,VVD,30 november 2006,19 september 2012
Khadija Arib,Arib,PvdA,1 maart 2007,3 november 2022
Amma Asante,Asante,PvdA,7 september 2016,22 maart 2017
Lodewijk Asscher,Asscher,PvdA,23 maart 2017,30 maart 2021
Joop Atsma,Atsma,CDA,30 november 2006,13 oktober 2010
Farid Azarkan,Azarkan,DENK,23 maart 2017,5 december 2023
Malik Azmani,Azmani,VVD,17 juni 2010,10 juni 2019
Naïma Azough,Azough,GL,30 november 2006,3 maart 2009
Naïma Azough,Azough,GL,16 juni 2009,16 juni 2010
Martine Baay-Timmerman,Baay-Timmerman,50PLUS/Baay,3 juni 2014,9 september 2014
Martine Baay-Timmerman,Baay-Timmerman,50+,29 oktober 2013,2 juni 2014
Jan Peter Balkenende,Balkenende,CDA,30 november 2006,21 februari 2007
Mpanzu Bamenga,Bamenga,D66,6 december 2023,
Farshad Bashir,Bashir,SP,15 januari 2008,22 maart 2017
Thierry Baudet,Baudet,FVD,23 maart 2017,13 januari 2025
Bente Becker,Becker,VVD,28 november 2022,
Bente Becker,Becker,VVD,23 maart 2017,22 juni 2019
Bente Becker,Becker,VVD,13 oktober 2019,8 augustus 2022
Sandra Beckerman,Beckerman,SP,23 maart 2017,
Harm Beertema,Beertema,PVV,17 juni 2010,5 december 2023
Salima Belhaj,Belhaj,D66,26 januari 2016,5 december 2023
Ybeltje Berckmoes-Duindam,Berckmoes-Duindam,VVD,9 november 2011,22 maart 2017
Vera Bergkamp,Bergkamp,D66,20 september 2012,5 december 2023
Magda Berndsen,Berndsen,D66,17 juni 2010,31 oktober 2015
Marianne Besselink,Besselink,PvdA,30 november 2006,16 juni 2010
Harry Bevers,Bevers,VVD,18 januari 2022,5 december 2023
Harry Bevers,Bevers,VVD,4 juli 2024,
Yvonne Bijenhof,Bijenhof,VVD,12 september 2023,5 december 2023
Ank Bijleveld,Bijleveld,CDA,17 juni 2010,31 december 2010
Mirjam Bikker,Bikker,CU,31 maart 2021,
Eddy Bilder,Bilder,CDA,1 maart 2007,16 juni 2010
Jack Biskop,Biskop,CDA,26 oktober 2010,19 september 2012
Jack Biskop,Biskop,CDA,30 november 2006,16 juni 2010
Roelof Bisschop,Bisschop,SGP,20 september 2012,5 december 2023
Reinder Blaauw,Blaauw,PVV,6 december 2023,
Elly Blanksma-van den Heuvel,Blanksma-van den Heuvel,CDA,30 november 2006,19 september 2012
Stef Blok,Blok,VVD,30 november 2006,4 november 2012
Luuk Blom,Blom,PvdA,30 november 2006,16 juni 2010
Arend Jan Boekestijn,Boekestijn,VVD,30 november 2006,18 november 2009
Jan Boelhouwer,Boelhouwer,PvdA,15 januari 2008,16 juni 2010
Martijn Bolkestein,Bolkestein,VVD,2 juli 2020,30 maart 2021
Désirée Bonis,Bonis,PvdA,20 september 2012,12 juni 2013
Henri Bontenbal,Bontenbal,CDA,18 januari 2022,
Henri Bontenbal,Bontenbal,CDA,29 september 2021,27 december 2021
Henri Bontenbal,Bontenbal,CDA,1 juni 2021,14 september 2021
Louis Bontes,Bontes,Lid-Bontes,29 oktober 2013,14 april 2014
Louis Bontes,Bontes,Fractie-Bontes/Van Klaveren,15 april 2014,22 maart 2017
Louis Bontes,Bontes,PVV,17 juni 2010,28 oktober 2013
Diederik Boomsma,Boomsma,NSC,4 juli 2024,
Maikel Boon,Boon,PVV,6 december 2023,
Wouter Bos,Bos,PvdA,30 november 2006,21 februari 2007
Remco Bosma,Bosma,VVD,1 maart 2016,22 maart 2017
Martin Bosma,Bosma,PVV,30 november 2006,
André Bosman,Bosman,VVD,17 juni 2010,30 maart 2021
Derk Boswijk,Boswijk,CDA,31 maart 2021,
Achraf Bouali,Bouali,D66,23 maart 2017,30 maart 2021
Kauthar Bouchallikht,Bouchallikht,GL-PvdA,31 maart 2021,5 december 2023
Kauthar Bouchallikht,Bouchallikht,GL,31 maart 2021,5 december 2023
Samira Bouchibti,Bouchibti,PvdA,30 november 2006,16 juni 2010
Raoul Boucke,Boucke,D66,31 maart 2021,5 december 2023
Faissal Boulakjar,Boulakjar,D66,31 maart 2021,5 december 2023
Ernst Boutkan,Boutkan,Volt,16 maart 2023,4 juli 2023
Willem Boutkan,Boutkan,PVV,6 december 2023,
Lea Bouwmeester,Bouwmeester,PvdA,10 juni 2016,22 maart 2017
Lea Bouwmeester,Bouwmeester,PvdA,30 november 2006,13 mei 2013
Lea Bouwmeester,Bouwmeester,PvdA,3 september 2013,29 februari 2016
Bruno Braakhuis,Braakhuis,GL,17 juni 2010,19 september 2012
Ruben Brekelmans,Brekelmans,VVD,31 maart 2021,2 juli 2024
Hero Brinkman,Brinkman,PVV,30 november 2006,16 juni 2010
Hero Brinkman,Brinkman,Lid-Brinkman,17 juni 2010,19 september 2012
Laura Bromet,Bromet,GL-PvdA,31 maart 2021,
Laura Bromet,Bromet,GL,7 juni 2018,5 december 2023
Harm Brouwer,Brouwer,PvdA,1 maart 2016,9 juni 2016
Harm Brouwer,Brouwer,PvdA,6 juli 2016,22 maart 2017
Eppo Bruins,Bruins,CU,2 december 2015,30 maart 2021
Hanke Bruins Slot,Bruins Slot,CDA,17 juni 2010,4 juni 2019
Faith Bruyning,Bruyning,NSC,6 december 2023,
Martijn Buijsse,Buijsse,VVD,4 juli 2024,
Kathalijne Buitenweg,Buitenweg,GL,23 maart 2017,30 maart 2021
Julian Bushoff,Bushoff,PvdA,22 november 2022,5 december 2023
Julian Bushoff,Bushoff,GL-PvdA,22 november 2022,
Jet Bussemaker,Bussemaker,PvdA,30 november 2006,21 februari 2007
Don Ceder,Ceder,CU,31 maart 2021,
Glimina Chakor,Chakor,GL-PvdA,6 december 2023,
René Claassen,Claassen,PVV,6 december 2023,
Job Cohen,Cohen,PvdA,17 juni 2010,28 februari 2012
Ernst Cramer,Cramer,CU,30 november 2006,16 juni 2010
Patrick Crijns,Crijns,PVV,6 december 2023,
Ferd Crone,Crone,PvdA,30 november 2006,20 november 2007
Laurens Dassen,Dassen,Volt,31 maart 2021,
Marco Deen,Deen,PVV,6 december 2023,
Ralf Dekker,Dekker,FVD,19 november 2024,
Sander Dekker,Dekker,VVD,23 maart 2017,25 oktober 2017
Ralf Dekker,Dekker,FVD,23 augustus 2022,27 maart 2023
Hind Dekker-Abdulaziz,Dekker-Abdulaziz,D66,25 januari 2022,5 december 2023
Staf Depla,Depla,PvdA,30 november 2006,11 mei 2010
Ineke Dezentjé Hamming-Bluemink,Dezentjé Hamming-Bluemink,VVD,30 november 2006,8 november 2011
Tofik Dibi,Dibi,GL,30 november 2006,19 september 2012
Antje Diertens,Diertens,D66,23 maart 2017,30 maart 2021
Dijck Teun van Dijck,Dijck Teun van Dijck,PVV,31 maart 2021,5 december 2023
Jimmy Dijk,Dijk,SP,6 december 2023,
Dijk Jimmy Dijk,Dijk Jimmy Dijk,SP,20 april 2023,5 december 2023
Jasper Dijk van,Dijk van,SP,31 maart 2021,29 maart 2023
Gijs Dijk van,Dijk van,PvdA,31 maart 2021,14 februari 2022
Jasper Dijk van,Dijk van,SP,20 juli 2023,5 december 2023
Inge Dijk van,Dijk van,CDA,31 maart 2021,5 december 2023
Elbert Dijkgraaf,Dijkgraaf,SGP,17 juni 2010,10 april 2018
Klaas Dijkhoff,Dijkhoff,VVD,23 maart 2017,30 maart 2021
Klaas Dijkhoff,Dijkhoff,VVD,17 juni 2010,20 maart 2015
Sharon Dijksma,Dijksma,PvdA,23 maart 2017,31 mei 2018
Sharon Dijksma,Dijksma,PvdA,8 mei 2012,19 september 2012
Sharon Dijksma,Dijksma,PvdA,17 juni 2010,17 januari 2012
Sharon Dijksma,Dijksma,PvdA,30 november 2006,21 februari 2007
Pia Dijkstra,Dijkstra,D66,17 juni 2010,30 maart 2021
Remco Dijkstra,Dijkstra,VVD,20 september 2012,30 maart 2021
Jeroen Dijsselbloem,Dijsselbloem,PvdA,30 november 2006,4 november 2012
Jeroen Dijsselbloem,Dijsselbloem,PvdA,23 maart 2017,24 oktober 2017
Carla Dik-Faber,Dik-Faber,CU,20 september 2012,30 maart 2021
Sjoera Dikkers,Dikkers,PvdA,15 februari 2017,22 maart 2017
Sjoera Dikkers,Dikkers,PvdA,17 juni 2010,24 oktober 2016
Isabelle Diks,Diks,GL,23 maart 2017,30 april 2020
Isabelle Diks,Diks,GL,3 september 2008,21 december 2008
Willie Dille,Dille,PVV,17 juni 2010,19 september 2012
Sarah Dobbe,Dobbe,SP,13 december 2023,
Piet Hein Donner,Donner,CDA,30 november 2006,21 februari 2007
Rosemarijn Dral,Dral,VVD,4 juli 2024,
Johan Driessen,Driessen,PVV,17 juni 2010,19 september 2012
Nico Drost,Drost,CU,26 maart 2019,15 juli 2019
Nico Drost,Drost,CU,25 januari 2023,5 december 2023
Pieter Duisenberg,Duisenberg,VVD,20 september 2012,6 september 2017
Wijnand Duyvendak,Duyvendak,GL,30 november 2006,3 september 2008
Joost Eerdmans,Eerdmans,JA21,31 maart 2021,
Angelien Eijsink,Eijsink,PvdA,30 november 2006,22 maart 2017
Arjan El Fassed,El Fassed,GL,17 juni 2010,19 september 2012
Zohair El Yassini,El Yassini,VVD,23 maart 2017,5 december 2023
Ton Elias,Elias,VVD,18 december 2008,22 maart 2017
André Elissen,Elissen,PVV,17 juni 2010,19 september 2012
Corinne Ellemeet,Ellemeet,GL,18 november 2014,8 maart 2015
Corinne Ellemeet,Ellemeet,GL,23 maart 2017,5 december 2023
Corinne Ellemeet,Ellemeet,GL-PvdA,31 maart 2021,5 december 2023
Ulysse Ellian,Ellian,VVD,31 maart 2021,
Olaf Ephraim,Ephraim,FVD,31 maart 2021,5 december 2023
Olaf Ephraim,Ephraim,Lid Ephraim,31 maart 2021,5 december 2023
Olaf Ephraim,Ephraim,Groep-Van Haga,31 maart 2021,5 december 2023
Derk Jan Eppink,Eppink,JA21,31 maart 2021,5 december 2023
Derk Jan Eppink,Eppink,BBB,31 maart 2021,5 december 2023
Doğukan Ergin,Ergin,DENK,6 december 2023,
Silvio Erkens,Erkens,VVD,31 maart 2021,
Nihat Eski,Eski,CDA,15 december 2009,16 juni 2010
Eric Esser,Esser,PVV,6 december 2023,
Marjolein Faber,Faber,PVV,6 december 2023,2 juli 2024
Chris Faddegon,Faddegon,PVV,4 juli 2024,
Kathleen Ferrier,Ferrier,CDA,30 november 2006,19 september 2012
André Flach,Flach,SGP,6 december 2023,
Manon Fokke,Fokke,PvdA,20 september 2012,21 september 2015
Manon Fokke,Fokke,PvdA,12 januari 2016,22 maart 2017
Sietse Fritsma,Fritsma,PVV,1 september 2020,5 december 2023
Sietse Fritsma,Fritsma,PVV,30 november 2006,31 oktober 2019
Frank Futselaar,Futselaar,SP,23 maart 2017,30 maart 2021
Frank Futselaar,Futselaar,SP,30 maart 2023,19 juli 2023
Geert Gabriëls,Gabriëls,GL-PvdA,6 december 2023,
Simon Geleijnse,Geleijnse,50+,7 november 2018,26 februari 2019
Simon Geleijnse,Geleijnse,50+,12 maart 2019,26 juni 2019
Lenny Geluk-Poortvliet,Geluk-Poortvliet,CDA,31 oktober 2017,30 maart 2021
Karen Gerbrands,Gerbrands,PVV,23 maart 2017,11 december 2018
Karen Gerbrands,Gerbrands,PVV,13 januari 2015,4 mei 2015
Karen Gerbrands,Gerbrands,PVV,17 juni 2010,19 september 2012
Arda Gerkens,Gerkens,SP,30 november 2006,16 juni 2010
Jock Geselschap,Geselschap,VVD,30 november 2016,22 maart 2017
Sharon Gesthuizen,Gesthuizen,SP,30 november 2006,19 september 2012
Jaco Geurts,Geurts,CDA,20 september 2012,9 mei 2023
Chantal Gill'ard,Gill'ard,PvdA,31 mei 2010,16 juni 2010
Chantal Gill'ard,Gill'ard,PvdA,30 november 2006,9 februari 2010
Maarten Goudzwaard,Goudzwaard,JA21,10 maart 2022,30 juni 2022
Rik Grashoff,Grashoff,GL,20 mei 2015,6 juni 2018
Rik Grashoff,Grashoff,GL,23 november 2010,19 september 2012
Dion Graus,Graus,PVV,30 november 2006,
Martijn Grevink,Grevink,VVD,23 augustus 2022,5 december 2023
Laetitia Griffith,Griffith,VVD,30 november 2006,16 juni 2010
Pieter Grinwis,Grinwis,CU,31 maart 2021,
Ed Groot,Groot,PvdA,17 juni 2010,22 maart 2017
Maarten Groothuizen,Groothuizen,D66,23 maart 2017,30 maart 2021
Sultan Günal-Gezer,Günal-Gezer,PvdA,8 november 2012,22 maart 2017
Nilüfer Gündoğan,Gündoğan,Lid Gündoğan,31 maart 2021,5 december 2023
Nilüfer Gündoğan,Gündoğan,Volt,31 maart 2021,5 december 2023
Marleen Haage,Haage,GL-PvdA,18 december 2024,
Wassila Hachchi,Hachchi,D66,17 juni 2010,19 januari 2016
Kiki Hagen,Hagen,D66,31 maart 2021,5 december 2023
Femke Halsema,Halsema,GL,30 november 2006,11 januari 2011
Mariëtte Hamer,Hamer,PvdA,30 november 2006,9 september 2014
Alexander Hammelburg,Hammelburg,D66,31 maart 2021,5 december 2023
Mark Harbers,Harbers,VVD,1 december 2009,25 oktober 2017
Mark Harbers,Harbers,VVD,11 juni 2019,10 januari 2022
Maarten Haverkamp,Haverkamp,CDA,30 november 2006,16 juni 2010
Maarten Haverkamp,Haverkamp,CDA,26 oktober 2010,19 september 2012
Erik Haverkort,Haverkort,VVD,18 januari 2022,5 december 2023
Anja Hazekamp,Hazekamp,PvdD,24 januari 2012,13 mei 2012
Mathieu Heemelaar,Heemelaar,GL,3 maart 2009,16 juni 2009
Rudmer Heerema,Heerema,VVD,3 september 2013,22 maart 2017
Rudmer Heerema,Heerema,VVD,31 oktober 2017,5 december 2023
Pieter Heerma,Heerma,CDA,20 september 2012,5 december 2023
Ton Heerts,Heerts,PvdA,30 november 2006,16 juni 2010
Pierre Heijnen,Heijnen,PvdA,1 maart 2007,31 augustus 2013
Eelco Heinen,Heinen,VVD,31 maart 2021,2 juli 2024
Annemarie Heite,Heite,NSC,4 juli 2024,
Lilian Helder,Helder,BBB,31 maart 2021,4 maart 2025
Lilian Helder,Helder,PVV,17 juni 2010,5 december 2023
Jeanine Hennis-Plasschaert,Hennis-Plasschaert,VVD,23 maart 2017,12 september 2018
Jeanine Hennis-Plasschaert,Hennis-Plasschaert,VVD,17 juni 2010,4 november 2012
Sophie Hermans,Hermans,VVD,23 maart 2017,2 juli 2024
Marcial Hernandez,Hernandez,GrKH,17 juni 2010,19 september 2012
Rosanne Hertzberger,Hertzberger,NSC,6 december 2023,20 november 2024
Jos Hessels,Hessels,CDA,30 november 2006,10 maart 2009
Hidde Heutink,Heutink,PVV,6 december 2023,
Theo Hiddema,Hiddema,FVD,23 maart 2017,24 november 2020
Maarten Hijink,Hijink,SP,23 maart 2017,20 april 2023
Myrthe Hilkens,Hilkens,PvdA,17 januari 2012,28 augustus 2013
Myrthe Hilkens,Hilkens,PvdA,12 april 2011,1 augustus 2011
Daniëlle Hirsch,Hirsch,GL-PvdA,6 december 2023,
Wopke Hoekstra,Hoekstra,CDA,31 maart 2021,10 januari 2022
Harm Holman,Holman,NSC,6 december 2023,
Michiel Holtackers,Holtackers,CDA,30 juni 2011,19 september 2012
Duco Hoogland,Hoogland,PvdA,8 november 2012,22 maart 2017
Johan Houwers,Houwers,VVD,8 november 2012,22 juli 2013
Johan Houwers,Houwers,VVD,26 oktober 2010,19 september 2012
Johan Houwers,Houwers,Fractie-Houwers,25 maart 2015,22 maart 2017
Matthijs Huizing,Huizing,VVD,26 oktober 2010,6 december 2013
Tineke Huizinga-Heringa,Huizinga-Heringa,CU,30 november 2006,21 februari 2007
Folkert Idsinga,Idsinga,NSC,27 november 2024,
Folkert Idsinga,Idsinga,NSC,6 december 2023,2 juli 2024
Folkert Idsinga,Idsinga,VVD,31 maart 2021,5 september 2023
Ewout Irrgang,Irrgang,SP,30 november 2006,19 september 2012
Lutz Jacobi,Jacobi,PvdA,30 november 2006,22 maart 2017
Tanja Jadnanansing,Jadnanansing,PvdA,17 juni 2010,6 september 2016
Rikus Jager,Jager,CDA,30 november 2006,16 juni 2010
Daniëlle Jansen,Jansen,NSC,6 december 2023,
Paulus Jansen,Jansen,SP,30 november 2006,13 mei 2014
Freek Jansen,Jansen,FVD,31 maart 2021,15 januari 2024
Chris Jansen,Jansen,PVV,27 november 2019,30 maart 2021
Rik Janssen,Janssen,SP,12 januari 2011,13 april 2011
Rob Jetten,Jetten,D66,23 maart 2017,10 januari 2022
Rob Jetten,Jetten,D66,6 december 2023,
Cisca Joldersma,Joldersma,CDA,17 januari 2012,22 april 2012
Cisca Joldersma,Joldersma,CDA,30 november 2006,16 juni 2010
Corien Jonker,Jonker,CDA,1 maart 2007,16 juni 2010
Agnes Joseph,Joseph,NSC,6 december 2023,
Sigrid Kaag,Kaag,D66,31 maart 2021,10 januari 2022
Isa Kahraman,Kahraman,NSC,6 december 2023,
Roelien Kamminga,Kamminga,VVD,31 maart 2021,
Henk Kamp,Kamp,VVD,30 november 2006,18 december 2008
Agnes Kant,Kant,SP,30 november 2006,16 juni 2010
Sadet Karabulut,Karabulut,SP,26 november 2013,30 maart 2021
Sadet Karabulut,Karabulut,SP,14 april 2011,4 augustus 2013
Sadet Karabulut,Karabulut,SP,30 november 2006,10 januari 2011
Hülya Kat,Kat,D66,31 maart 2021,5 december 2023
Barbara Kathmann,Kathmann,PvdA,31 maart 2021,5 december 2023
Barbara Kathmann,Kathmann,GL-PvdA,31 maart 2021,
Mona Keijzer,Keijzer,CDA,31 maart 2021,27 september 2021
Mona Keijzer,Keijzer,CDA,20 september 2012,25 oktober 2017
Mona Keijzer,Keijzer,BBB,6 december 2023,2 juli 2024
Simone Kerseboom,Kerseboom,FVD,31 maart 2021,16 augustus 2022
Simone Kerseboom,Kerseboom,FVD,28 maart 2023,5 december 2023
John Kerstens,Kerstens,PvdA,20 september 2012,22 maart 2017
John Kerstens,Kerstens,PvdA,5 juni 2018,30 maart 2021
Arend Kisteman,Kisteman,VVD,6 december 2023,
Jesse Klaver,Klaver,GL,17 juni 2010,5 december 2023
Jesse Klaver,Klaver,GL-PvdA,31 maart 2021,
Norbert Klein,Klein,Lid-Klein,13 november 2014,22 maart 2017
Norbert Klein,Klein,50PLUS/Klein,3 juni 2014,12 november 2014
Norbert Klein,Klein,50+,20 september 2012,2 juni 2014
Reinette Klever,Klever,PVV,20 september 2012,22 maart 2017
Jetta Klijnsma,Klijnsma,PvdA,17 juni 2010,4 november 2012
Jan Klink,Klink,VVD,2 juni 2021,5 december 2023
Ab Klink,Klink,CDA,17 juni 2010,6 september 2010
Raymond Knops,Knops,CDA,1 maart 2007,19 september 2012
Raymond Knops,Knops,CDA,23 maart 2017,25 oktober 2017
Raymond Knops,Knops,CDA,31 maart 2021,2 februari 2023
Marieke Koekkoek,Koekkoek,Volt,5 juli 2023,
Marieke Koekkoek,Koekkoek,Volt,31 maart 2021,14 maart 2023
Bert Koenders,Koenders,PvdA,30 november 2006,21 februari 2007
Daniel Koerhuis,Koerhuis,VVD,23 maart 2017,5 december 2023
Nine Kooiman,Kooiman,SP,17 juni 2010,29 maart 2018
Wouter Koolmees,Koolmees,D66,17 juni 2010,25 oktober 2017
Sven Koopmans,Koopmans,VVD,23 maart 2017,30 maart 2021
Ger Koopmans,Koopmans,CDA,30 november 2006,19 september 2012
Willem Koops,Koops,NSC,3 december 2024,
Ad Koppejan,Koppejan,CDA,30 november 2006,19 september 2012
Alexander Kops,Kops,PVV,23 maart 2017,
Jules Kortenhorst,Kortenhorst,CDA,30 november 2006,23 januari 2008
Roland Kortenhorst,Kortenhorst,CDA,30 november 2006,3 september 2008
Wim Kortenoeven,Kortenoeven,GrKH,17 juni 2010,19 september 2012
Ines Kostić,Kostić,PvdD,6 december 2023,
Fatma Koşer Kaya,Koşer Kaya,D66,30 november 2006,19 september 2012
Margot Kraneveldt,Kraneveldt,PvdA,10 april 2012,7 mei 2012
Margot Kraneveldt,Kraneveldt,PvdA,1 maart 2007,16 juni 2010
Henk Krol,Krol,50+,20 september 2012,3 oktober 2013
Henk Krol,Krol,Groep Krol/van Kooten-Arissen,3 mei 2020,5 augustus 2020
Henk Krol,Krol,50+,13 november 2014,3 mei 2020
Henk Krol,Krol,Fractie-50PLUS/Baay,10 september 2014,12 november 2014
Henk Krol,Krol,Krol,5 augustus 2020,30 maart 2021
Harmen Krul,Krul,CDA,7 februari 2023,
Suzanne Kröger,Kröger,GL,27 oktober 2021,5 december 2023
Suzanne Kröger,Kröger,GL-PvdA,27 oktober 2021,
Suzanne Kröger,Kröger,GL,23 maart 2017,30 maart 2021
Anne Kuik,Kuik,CDA,23 augustus 2022,5 december 2023
Anne Kuik,Kuik,CDA,23 maart 2017,3 mei 2022
Attje Kuiken,Kuiken,PvdA,30 november 2006,19 januari 2010
Attje Kuiken,Kuiken,PvdA,10 mei 2010,5 december 2023
Attje Kuiken,Kuiken,GL-PvdA,31 maart 2021,5 december 2023
Tunahan Kuzu,Kuzu,Groep-Kuzu/Öztürk,14 november 2014,22 maart 2017
Tunahan Kuzu,Kuzu,PvdA,20 september 2012,13 november 2014
Tunahan Kuzu,Kuzu,DENK,23 maart 2017,5 december 2023
Peter Kwint,Kwint,SP,23 maart 2017,5 december 2023
Antoinette Laan-Geselschap,Laan-Geselschap,VVD,31 oktober 2017,30 maart 2021
Saskia Laaper,Laaper,PvdA,19 januari 2010,10 mei 2010
Esmah Lahlah,Lahlah,GL-PvdA,6 december 2023,
Marianne Langkamp,Langkamp,SP,30 november 2006,16 juni 2010
Cem Laçin,Laçin,SP,23 maart 2017,30 maart 2021
René Leegte,Leegte,VVD,26 oktober 2010,23 maart 2015
Henk Leenders,Leenders,PvdA,10 september 2014,22 maart 2017
Henk Leenders,Leenders,PvdA,3 september 2013,11 december 2013
John Leerdam,Leerdam,PvdA,29 februari 2012,4 april 2012
John Leerdam,Leerdam,PvdA,30 november 2006,16 juni 2010
Renske Leijten,Leijten,SP,30 november 2006,5 februari 2014
Renske Leijten,Leijten,SP,14 mei 2014,4 juli 2023
Paul Lempens,Lempens,SP,30 november 2006,16 juni 2010
Patricia Linhard,Linhard,PvdA,12 mei 2009,16 juni 2010
Pieter Litjens,Litjens,VVD,20 september 2012,24 juni 2014
Helma Lodders,Lodders,VVD,17 juni 2010,30 maart 2021
Anne-Wil Lucas,Lucas,VVD,20 september 2012,6 september 2016
Anne-Wil Lucas-Smeerdijk,Lucas-Smeerdijk,VVD,17 juni 2010,19 september 2012
Eric Lucassen,Lucassen,PVV,17 juni 2010,19 september 2012
Fons Luijben,Luijben,SP,30 november 2006,16 juni 2010
Senna Maatoug,Maatoug,GL-PvdA,31 maart 2021,18 december 2024
Senna Maatoug,Maatoug,GL,31 maart 2021,5 december 2023
Barry Madlener,Madlener,PVV,30 november 2006,14 juli 2009
Barry Madlener,Madlener,PVV,20 september 2012,2 juli 2024
Vicky Maeijer,Maeijer,PVV,23 maart 2017,7 december 2020
Vicky Maeijer,Maeijer,PVV,30 maart 2021,2 juli 2024
Marit Maij,Maij,PvdA,20 september 2012,22 maart 2017
Ahmed Marcouch,Marcouch,PvdA,17 juni 2010,22 maart 2017
Jan Marijnissen,Marijnissen,SP,30 november 2006,16 juni 2010
Lilian Marijnissen,Marijnissen,SP,23 maart 2017,12 december 2023
Gidi Markuszower,Markuszower,PVV,23 maart 2017,
Maurits von Martels,Martels,CDA,23 maart 2017,30 maart 2021
Claire Martens,Martens,VVD,6 december 2023,
Jan Mastwijk,Mastwijk,CDA,30 november 2006,16 juni 2010
Cees Meeuwis,Meeuwis,VVD,1 september 2009,16 juni 2010
Arnold Merkies,Merkies,PvdA,20 september 2012,22 maart 2017
Wim Meulenkamp,Meulenkamp,VVD,6 december 2023,
Ingrid Michon,Michon,VVD,31 maart 2021,5 december 2023
Ingrid Michon-Derkzen,Michon-Derkzen,VVD,6 december 2023,
Jan Middendorp,Middendorp,VVD,23 maart 2017,30 maart 2021
Fahid Minhas,Minhas,VVD,31 maart 2021,5 december 2023
Mohammed Mohandis,Mohandis,GL-PvdA,2 juni 2022,
Mohammed Mohandis,Mohandis,PvdA,20 september 2012,22 maart 2017
Mohammed Mohandis,Mohandis,PvdA,2 juni 2022,5 december 2023
Jacques Monasch,Monasch,PvdA,17 juni 2010,7 november 2016
Jacques Monasch,Monasch,Lid-Monasch,8 november 2016,22 maart 2017
Jeremy Mooiman,Mooiman,PVV,6 december 2023,
William Moorlag,Moorlag,PvdA,25 oktober 2017,30 maart 2021
Perjan Moors,Moors,VVD,14 januari 2014,22 maart 2017
Edgar Mulder,Mulder,PVV,23 maart 2017,
Agnes Mulder,Mulder,CDA,20 september 2012,9 mei 2023
Anne Mulder,Mulder,VVD,17 juni 2010,17 september 2020
Songül Mutluer,Mutluer,PvdA,17 februari 2022,5 december 2023
Songül Mutluer,Mutluer,GL-PvdA,17 februari 2022,
Helma Neppérus,Neppérus,VVD,30 november 2006,22 maart 2017
Atzo Nicolaï,Nicolaï,VVD,30 november 2006,31 mei 2011
Henk Nijboer,Nijboer,PvdA,20 september 2012,5 december 2023
Henk Nijboer,Nijboer,GL-PvdA,31 maart 2021,5 december 2023
Jeanet Nijhof-Leeuw,Nijhof-Leeuw,PVV,6 december 2023,
Chantal Nijkerken-de Haan,Nijkerken-de Haan,VVD,31 maart 2015,30 maart 2021
Jimme Nordkamp,Nordkamp,GL-PvdA,6 december 2023,
Pieter Omtzigt,Omtzigt,CDA,26 oktober 2010,25 mei 2021
Pieter Omtzigt,Omtzigt,Lid Omtzigt,15 september 2021,5 december 2023
Pieter Omtzigt,Omtzigt,CDA,30 november 2006,16 juni 2010
Pieter Omtzigt,Omtzigt,NSC,6 december 2023,
Astrid Oosenbrug,Oosenbrug,PvdA,20 september 2012,22 maart 2017
Martin Oostenbrink,Oostenbrink,BBB,5 maart 2025,
Henk Jan Ormel,Ormel,CDA,30 november 2006,19 september 2012
Cynthia Ortega,Ortega,CU,17 juni 2010,19 september 2012
Cynthia Ortega-Martijn,Ortega-Martijn,CU,30 november 2006,16 juni 2010
Peter Oskam,Oskam,CDA,20 september 2012,3 januari 2016
Esther Ouwehand,Ouwehand,PvdD,2 februari 2023,
Esther Ouwehand,Ouwehand,PvdD,18 oktober 2016,12 oktober 2022
Esther Ouwehand,Ouwehand,PvdD,30 november 2006,16 november 2015
Hilde Palland,Palland,CDA,29 mei 2019,5 december 2023
Sandra Palmen,Palmen,NSC,6 december 2023,12 december 2024
Jan Paternotte,Paternotte,D66,23 maart 2017,
Mariëtte Patijn,Patijn,GL-PvdA,6 december 2023,
Mariëlle Paul,Paul,VVD,31 maart 2021,20 juli 2023
Mariëlle Paul,Paul,VVD,6 december 2023,2 juli 2024
Wieke Paulusma,Paulusma,D66,15 april 2021,
Alexander Pechtold,Pechtold,D66,30 november 2006,9 oktober 2018
Mariko Peters,Peters,GL,11 maart 2011,19 september 2012
Mariko Peters,Peters,GL,30 november 2006,2 september 2008
Mariko Peters,Peters,GL,21 december 2008,22 november 2010
René Peters,Peters,CDA,23 maart 2017,5 december 2023
Hein Pieper,Pieper,CDA,17 maart 2009,16 juni 2010
Cor Pierik,Pierik,BBB,6 december 2023,
Anita Pijpelink,Pijpelink,GL-PvdA,6 december 2023,
Kati Piri,Piri,GL-PvdA,31 maart 2021,
Kati Piri,Piri,PvdA,31 maart 2021,5 december 2023
Ronald Plasterk,Plasterk,PvdA,17 juni 2010,4 november 2012
Lilianne Ploumen,Ploumen,PvdA,23 maart 2017,21 april 2022
Anne-Marijke Podt,Podt,D66,7 september 2021,
Hugo Polderman,Polderman,SP,5 december 2006,16 juni 2010
Joeri Pool,Pool,PVV,6 december 2023,
Gabriëlle Popken,Popken,PVV,21 juli 2018,31 augustus 2020
Gabriëlle Popken,Popken,PVV,23 maart 2017,30 maart 2018
Remi Poppe,Poppe,SP,30 november 2006,16 juni 2010
Wytske Postma,Postma,CDA,5 juni 2019,30 maart 2021
Wytske Postma,Postma,NSC,6 december 2023,
Sjoerd Potters,Potters,VVD,8 november 2012,22 maart 2017
Nicki Pouw-Verweij,Pouw-Verweij,JA21,31 maart 2021,9 maart 2022
Nicki Pouw-Verweij,Pouw-Verweij,BBB,30 juni 2022,5 december 2023
Nicki Pouw-Verweij,Pouw-Verweij,JA21,30 juni 2022,5 december 2023
Rens Raemakers,Raemakers,D66,13 mei 2020,25 oktober 2021
Rens Raemakers,Raemakers,D66,23 maart 2017,14 januari 2020
Rens Raemakers,Raemakers,D66,16 februari 2022,5 december 2023
Hawre Rahimi,Rahimi,VVD,18 januari 2022,5 december 2023
Queeny Rajkowski,Rajkowski,VVD,31 maart 2021,7 december 2023
Queeny Rajkowski,Rajkowski,VVD,29 maart 2024,
Dennis Ram,Ram,PVV,6 december 2023,
Jeroen Recourt,Recourt,PvdA,17 juni 2010,22 maart 2017
Kelly Regterschot,Regterschot,VVD,25 juni 2019,30 maart 2021
Johan Remkes,Remkes,VVD,30 november 2006,16 juni 2010
Wim-Jan Renkema,Renkema,GL,13 juni 2018,30 maart 2021
Robert Rep,Rep,PVV,4 juli 2024,
Simone Richardson,Richardson,VVD,5 september 2023,5 december 2023
Simone Richardson,Richardson,VVD,6 september 2022,27 oktober 2022
Simone Richardson,Richardson,VVD,1 november 2022,27 november 2022
Mariska Rikkers,Rikkers,BBB,4 juli 2024,
Lia Roefs,Roefs,PvdA,30 november 2006,16 juni 2010
Emile Roemer,Roemer,SP,30 november 2006,17 januari 2018
Michel Rog,Rog,CDA,20 september 2012,11 januari 2021
Erik Ronnes,Ronnes,CDA,20 mei 2015,19 mei 2020
Ilana Rooderkerk,Rooderkerk,D66,6 december 2023,7 december 2023
Ilana Rooderkerk,Rooderkerk,D66,29 maart 2024,
André Rouvoet,Rouvoet,CU,30 november 2006,21 februari 2007
André Rouvoet,Rouvoet,CU,17 juni 2010,18 mei 2011
Mark Rutte,Rutte,VVD,20 september 2012,4 november 2012
Mark Rutte,Rutte,VVD,31 maart 2021,10 januari 2022
Arno Rutte,Rutte,VVD,20 september 2012,12 oktober 2019
Mark Rutte,Rutte,VVD,30 november 2006,13 oktober 2010
Mark Rutte,Rutte,VVD,23 maart 2017,25 oktober 2017
Fonda Sahla,Sahla,D66,27 oktober 2021,5 december 2023
Diederik Samsom,Samsom,PvdA,30 november 2006,13 december 2016
Jolande Sap,Sap,GL,2 september 2008,22 oktober 2012
Ilse Saris,Saris,NSC,4 juli 2024,
Léonie Sazias,Sazias,50+,27 februari 2019,6 maart 2019
Léonie Sazias,Sazias,50+,23 maart 2017,6 november 2018
Léonie Sazias,Sazias,50+,27 juni 2019,30 maart 2021
Afke Schaart,Schaart,VVD,17 juni 2010,19 september 2012
Janneke Schermers,Schermers,CDA,30 november 2006,16 juni 2010
Jan Schinkelshoek,Schinkelshoek,CDA,30 november 2006,16 juni 2010
Edith Schippers,Schippers,VVD,20 september 2012,4 november 2012
Edith Schippers,Schippers,VVD,30 november 2006,13 oktober 2010
Rutger Schonis,Schonis,D66,10 oktober 2018,30 maart 2021
Carola Schouten,Schouten,CU,18 mei 2011,25 oktober 2017
Carola Schouten,Schouten,CU,31 maart 2021,10 januari 2022
Gerard Schouw,Schouw,D66,17 juni 2010,31 juli 2015
Annie Schreijer-Pierik,Schreijer-Pierik,CDA,30 november 2006,16 juni 2010
Anoushka Schut-Welkzijn,Schut-Welkzijn,VVD,20 september 2012,22 maart 2017
Gert-Jan Segers,Segers,CU,20 september 2012,24 januari 2023
Michiel Servaes,Servaes,PvdA,20 september 2012,22 maart 2017
James Sharpe,Sharpe,PVV,17 juni 2010,18 november 2010
Tjitske Siderius,Siderius,SP,6 februari 2014,22 maart 2017
Tjitske Siderius,Siderius,SP,3 september 2013,25 november 2013
Matthijs Sienot,Sienot,D66,31 oktober 2017,30 maart 2021
Chris Simons,Simons,VVD,23 augustus 2022,5 december 2023
Chris Simons,Simons,VVD,22 maart 2022,7 juli 2022
Sylvana Simons,Simons,BIJ1,31 maart 2021,5 december 2023
Jesse Six Dijkstra,Six Dijkstra,NSC,6 december 2023,
Sjoerd Sjoerdsma,Sjoerdsma,D66,20 september 2012,5 december 2023
Elke Slagt,Slagt,GL-PvdA,6 december 2023,
Arie Slob,Slob,CU,30 november 2006,1 december 2015
Evert Jan Slootweg,Slootweg,CDA,17 januari 2023,5 december 2023
Evert Jan Slootweg,Slootweg,CDA,10 mei 2022,23 augustus 2022
Evert Jan Slootweg,Slootweg,CDA,31 oktober 2017,30 maart 2021
Eric Smaling,Smaling,SP,14 mei 2013,22 maart 2017
Bart Smals,Smals,VVD,7 september 2021,5 december 2023
Bart Smals,Smals,VVD,15 oktober 2019,30 maart 2021
Bart Smals,Smals,VVD,3 juli 2019,12 oktober 2019
Sidney Smeets,Smeets,D66,31 maart 2021,15 april 2021
Pauline Smeets,Smeets,PvdA,30 november 2006,19 september 2012
Paul Smeulders,Smeulders,GL,7 juni 2018,30 maart 2021
Margreeth Smilde,Smilde,CDA,23 januari 2008,19 september 2012
Manja Smits,Smits,SP,22 april 2008,13 mei 2013
Peter Smitskam,Smitskam,PVV,6 december 2023,
Hans Smolders,Smolders,Groep-Van Haga,31 maart 2021,5 december 2023
Hans Smolders,Smolders,FVD,31 maart 2021,5 december 2023
Joost Sneller,Sneller,D66,31 oktober 2017,
Bart Snels,Snels,GL,23 maart 2017,26 oktober 2021
Janneke Snijder-Hazelhoff,Snijder-Hazelhoff,VVD,30 november 2006,19 september 2012
Mark Snoeren,Snoeren,VVD,22 september 2020,30 maart 2021
Aant Jelle Soepboer,Soepboer,NSC,6 december 2023,
Hans Spekman,Spekman,PvdA,30 november 2006,24 januari 2012
Liesbeth Spies,Spies,CDA,30 november 2006,16 juni 2010
Mirjam Sterk,Sterk,CDA,30 november 2006,8 april 2008
Mirjam Sterk,Sterk,CDA,29 juli 2008,19 september 2012
Chris Stoffer,Stoffer,SGP,11 april 2018,
Karin Straus,Straus,VVD,26 oktober 2010,22 maart 2017
Mark Strolenberg,Strolenberg,VVD,7 september 2021,5 december 2023
Luc Stultiens,Stultiens,GL-PvdA,6 december 2023,
Henri Swinkels,Swinkels,SP,14 mei 2014,28 mei 2014
Judith Swinkels,Swinkels,D66,3 november 2015,22 maart 2017
Marijke Synhaeve,Synhaeve,D66,12 december 2023,28 maart 2024
Grace Tanamal,Tanamal,PvdA,8 november 2012,22 maart 2017
Paul Tang,Tang,PvdA,1 maart 2007,16 juni 2010
Joost Taverne,Taverne,VVD,26 oktober 2010,19 september 2012
Joost Taverne,Taverne,VVD,8 november 2012,22 maart 2017
Fred Teeven,Teeven,VVD,30 november 2006,13 oktober 2010
Fred Teeven,Teeven,VVD,20 september 2012,4 november 2012
Fred Teeven,Teeven,VVD,26 maart 2015,22 maart 2017
Ockje Tellegen,Tellegen,VVD,20 september 2012,17 maart 2022
Nicole Temmink,Temmink,SP,5 juli 2023,5 december 2023
Julius Terpstra,Terpstra,CDA,20 mei 2020,30 maart 2021
Christine Teunissen,Teunissen,PvdD,31 maart 2021,
Christine Teunissen,Teunissen,PvdD,11 oktober 2018,30 januari 2019
Hans Teunissen,Teunissen,D66,6 juli 2023,5 december 2023
Folkert Thiadens,Thiadens,PVV,4 juli 2024,
Marianne Thieme,Thieme,PvdD,30 november 2006,23 januari 2012
Marianne Thieme,Thieme,PvdD,15 mei 2012,10 oktober 2018
Marianne Thieme,Thieme,PvdD,31 januari,8 oktober 2019
Joris Thijssen,Thijssen,GL-PvdA,31 maart 2021,
Joris Thijssen,Thijssen,PvdA,31 maart 2021,5 december 2023
Jacques Tichelaar,Tichelaar,PvdA,30 november 2006,1 mei 2009
Judith Tielen,Tielen,VVD,31 oktober 2017,
Anja Timmer,Timmer,PvdA,20 november 2007,16 juni 2010
Frans Timmermans,Timmermans,PvdA,30 november 2006,21 februari 2007
Frans Timmermans,Timmermans,GL-PvdA,6 december 2023,
Frans Timmermans,Timmermans,PvdA,17 juni 2010,4 november 2012
Mikal Tseggai,Tseggai,GL-PvdA,6 december 2023,
Gijs Tuinman,Tuinman,BBB,6 december 2023,2 juli 2024
Judith Uitermark,Uitermark,NSC,6 december 2023,2 juli 2024
Sabine Uitslag,Uitslag,CDA,23 april 2012,19 september 2012
Sabine Uitslag,Uitslag,CDA,3 september 2008,22 december 2011
Sabine Uitslag,Uitslag,CDA,8 april 2008,29 juli 2008
Paul Ulenbelt,Ulenbelt,SP,30 november 2006,22 maart 2017
Nico Uppelschoten,Uppelschoten,PVV,4 juli 2024,
Jan Valize,Valize,PVV,6 december 2023,
Peter Valstar,Valstar,VVD,31 maart 2021,5 december 2023
Eline Vedder,Vedder,CDA,10 mei 2023,5 december 2023
Eline Vedder-Monaster,Vedder-Monaster,CDA,6 december 2023,
Caspar Veldkamp,Veldkamp,NSC,6 december 2023,2 juli 2024
Hayke Veldman,Veldman,VVD,31 oktober 2017,30 maart 2021
Hayke Veldman,Veldman,VVD,25 juni 2014,22 maart 2017
Hester Veltman-Kamp,Veltman-Kamp,VVD,6 december 2023,
Kees Vendrik,Vendrik,GL,30 november 2006,16 juni 2010
Gerdi Verbeet,Verbeet,PvdA,30 november 2006,19 september 2012
Gerda Verburg,Verburg,CDA,30 november 2006,21 februari 2007
Gerda Verburg,Verburg,CDA,17 juni 2010,29 juni 2011
Rita Verdonk,Verdonk,Lid-Verdonk,30 november 2006,16 juni 2010
Maxime Verhagen,Verhagen,CDA,30 november 2006,21 februari 2007
Maxime Verhagen,Verhagen,CDA,17 juni 2010,13 oktober 2010
Mark Verheijen,Verheijen,VVD,20 september 2012,26 Februari 2015
Kees Verhoeven,Verhoeven,D66,17 juni 2010,30 maart 2021
Ruud Verkuijlen,Verkuijlen,VVD,18 januari 2022,5 december 2023
Ruud Verkuijlen,Verkuijlen,VVD,7 september 2021,11 januari 2022
Henk Vermeer,Vermeer,BBB,6 december 2023,
Roos Vermeij,Vermeij,PvdA,30 november 2006,22 maart 2017
Joyce Vermue,Vermue,PvdA,22 september 2015,22 maart 2017
Leonie Vestering,Vestering,PvdD,31 maart 2021,8 mei 2023
Leonie Vestering,Vestering,PvdD,11 augustus 2023,26 september 2023
Antoinette Vietsch,Vietsch,CDA,1 maart 2007,16 juni 2010
Hans Vijlbrief,Vijlbrief,D66,31 maart 2021,10 januari 2022
Hans Vijlbrief,Vijlbrief,D66,6 december 2023,
Barbara Visser,Visser,VVD,20 september 2012,25 oktober 2017
Elmar Vlottes,Vlottes,PVV,6 december 2023,
Marith Volp,Volp,PvdA,3 september 2013,22 maart 2017
Marina Vondeling,Vondeling,PVV,6 december 2023,
Joël Voordewind,Voordewind,CU,30 november 2006,30 maart 2021
Linda Voortman,Voortman,GL,23 maart 2017,5 juni 2018
Linda Voortman,Voortman,GL,30 oktober 2012,8 maart 2015
Linda Voortman,Voortman,GL,17 juni 2010,19 september 2012
Jan Vos,Vos,PvdA,20 september 2012,22 maart 2017
Mei Li Vos,Vos,PvdA,20 september 2012,22 maart 2017
Mei Li Vos,Vos,PvdA,1 maart 2007,16 juni 2010
Ronald Vuijk,Vuijk,VVD,8 november 2012,22 maart 2017
Harm Evert Waalkens,Waalkens,PvdA,30 november 2006,16 juni 2010
Sjoerd Warmerdam,Warmerdam,D66,6 juni 2023,5 december 2023
Sjoerd Warmerdam,Warmerdam,D66,18 januari 2022,15 februari 2022
Frank Wassenberg,Wassenberg,PvdD,17 november 2015,17 oktober 2016
Frank Wassenberg,Wassenberg,PvdD,23 maart 2017,5 december 2023
Frans Weekers,Weekers,VVD,20 september 2012,4 november 2012
Frans Weekers,Weekers,VVD,30 november 2006,13 oktober 2010
Merlien Welzijn,Welzijn,NSC,6 december 2023,
Lucille Werner,Werner,CDA,31 maart 2021,5 december 2023
Lisa Westerveld,Westerveld,GL-PvdA,31 maart 2021,
Lisa Westerveld,Westerveld,GL,23 maart 2017,5 december 2023
Arne Weverling,Weverling,VVD,23 maart 2017,30 maart 2021
Raoul White,White,GL-PvdA,6 december 2023,
Esmé Wiegman,Wiegman,CU,17 juni 2010,19 september 2012
Esmé Wiegman-van Meppelen Scheppink,Wiegman-van Meppelen Scheppink,CU,1 maart 2007,16 juni 2010
Dennis Wiersma,Wiersma,VVD,23 maart 2017,2 september 2021
Marieke Wijen-Nass,Wijen-Nass,BBB,4 juli 2024,
Joop Wijn,Wijn,CDA,30 november 2006,1 maart 2007
Geert Wilders,Wilders,PVV,30 november 2006,
Ans Willemse-van der Ploeg,Willemse-van der Ploeg,CDA,1 maart 2007,16 juni 2010
Natascha Wingelaar,Wingelaar,NSC,4 juli 2024,
Agnes Wolbert,Wolbert,PvdA,22 juni 2010,22 maart 2017
Agnes Wolbert,Wolbert,PvdA,30 november 2006,16 juni 2010
Aleid Wolfsen,Wolfsen,PvdA,30 november 2006,1 januari 2008
Jorien Wuite,Wuite,D66,31 maart 2021,5 december 2023
Martin Wörsdörfer,Wörsdörfer,VVD,23 maart 2017,30 maart 2021
Dilan Yeşilgöz,Yeşilgöz,VVD,6 december 2023,
Dilan Yeşilgöz-Zegerius,Yeşilgöz-Zegerius,VVD,23 maart 2017,2 september 2021
Loes Ypma,Ypma,PvdA,20 september 2012,22 maart 2017
Keklik Yücel,Yücel,PvdA,20 september 2012,22 maart 2017
Keklik Yücel,Yücel,PvdA,9 februari 2010,31 mei 2010
Femke Zeedijk,Zeedijk,NSC,6 december 2023,20 november 2024
Erik Ziengs,Ziengs,VVD,17 juni 2010,30 maart 2021
Halbe Zijlstra,Zijlstra,VVD,30 november 2006,13 oktober 2010
Halbe Zijlstra,Zijlstra,VVD,20 september 2012,25 oktober 2017
Betty de Boer,de Boer,VVD,17 juni 2010,22 maart 2017
Ingrid de Caluwé,de Caluwé,VVD,1 juni 2011,22 maart 2017
Machiel de Graaf,de Graaf,PVV,20 september 2012,5 december 2023
Peter de Groot,de Groot,VVD,31 maart 2021,
Tjeerd de Groot,de Groot,D66,23 maart 2017,30 maart 2021
Tjeerd de Groot,de Groot,D66,1 april 2021,5 december 2023
Tjeerd de Groot,de Groot,D66,12 december 2023,28 maart 2024
Habtamu de Hoop,de Hoop,PvdA,31 maart 2021,5 december 2023
Habtamu de Hoop,de Hoop,GL-PvdA,31 maart 2021,
Jan Kees de Jager,de Jager,CDA,17 juni 2010,13 oktober 2010
Romke de Jong,de Jong,D66,31 maart 2021,5 december 2023
Léon de Jong,de Jong,PVV,23 maart 2017,
Léon de Jong,de Jong,PVV,17 juni 2010,19 september 2012
Daan de Kort,de Kort,VVD,31 maart 2021,
Ria de Korte,de Korte,NSC,17 december 2024,
Paul de Krom,de Krom,VVD,30 november 2006,13 oktober 2010
Leendert de Lange,de Lange,VVD,31 maart 2015,22 maart 2017
Leendert de Lange,de Lange,VVD,31 oktober 2017,2 juli 2019
Jeroen de Lange,de Lange,PvdA,25 januari 2012,19 september 2012
Bart de Liefde,de Liefde,VVD,26 oktober 2010,18 februari 2016
Richard de Mos,de Mos,PVV,1 september 2009,19 september 2012
Daan de Neef,de Neef,VVD,31 maart 2021,5 september 2022
Frans de Nerée tot Babberich,de Nerée tot Babberich,CDA,30 november 2006,16 juni 2010
Marleen de Pater-van der Meer,de Pater-van der Meer,CDA,30 november 2006,16 juni 2010
Nathalie de Rooij,de Rooij,SP,30 november 2006,1 januari 2009
Raymond de Roon,de Roon,PVV,30 november 2006,
Trix de Roos,de Roos,SP,13 januari 2009,16 juni 2010
Sander de Rouwe,de Rouwe,CDA,1 maart 2007,19 mei 2015
Lidewij de Vos,de Vos,FVD,16 januari 2025,
Henk de Vree,de Vree,PVV,6 december 2023,
Henk de Vree,de Vree,PVV,8 december 2020,30 maart 2021
Albert de Vries,de Vries,PvdA,20 september 2012,22 maart 2017
Aukje de Vries,de Vries,VVD,6 december 2023,
Jan de Vries,de Vries,CDA,30 november 2006,16 juni 2010
Aukje de Vries,de Vries,VVD,8 november 2012,10 januari 2022
Jan de Wit,de Wit,SP,30 november 2006,1 april 2014
Monica den Boer,den Boer,D66,31 oktober 2017,19 mei 2020
Liane den Haan,den Haan,Fractie-Den Haan,31 maart 2021,5 december 2023
Liane den Haan,den Haan,50+,31 maart 2021,5 december 2023
Han ten Broeke,ten Broeke,VVD,30 november 2006,4 september 2018
Jan ten Hoopen,ten Hoopen,CDA,30 november 2006,16 juni 2010
Bas van 't Wout,van 't Wout,VVD,20 september 2012,1 juli 2020
Bas van 't Wout,van 't Wout,VVD,31 maart 2021,1 juni 2021
Roy van Aalst,van Aalst,PVV,23 maart 2017,30 maart 2021
Tamara van Ark,van Ark,VVD,17 juni 2010,25 oktober 2017
Tamara van Ark,van Ark,VVD,31 maart 2021,3 september 2021
Hans van Baalen,van Baalen,VVD,30 november 2006,14 juli 2009
Stephan van Baarle,van Baarle,DENK,31 maart 2021,
Willibrord van Beek,van Beek,VVD,30 november 2006,19 september 2012
Jhim van Bemmel,van Bemmel,PVV,17 juni 2010,19 september 2012
Marijke van Beukering,van Beukering,D66,21 april 2021,1 juni 2023
Marijke van Beukering-Huijbregts,van Beukering-Huijbregts,D66,22 januari 2020,13 mei 2020
Marijke van Beukering-Huijbregts,van Beukering-Huijbregts,D66,20 mei 2020,30 maart 2021
Marja van Bijsterveldt,van Bijsterveldt,CDA,17 juni 2010,13 oktober 2010
Bas Jan van Bochove,van Bochove,CDA,26 oktober 2010,19 september 2012
Bas Jan van Bochove,van Bochove,CDA,30 november 2006,16 juni 2010
Harry van Bommel,van Bommel,SP,30 november 2006,22 maart 2017
Corrie van Brenk,van Brenk,50+,23 maart 2017,30 maart 2021
Carline van Breugel,van Breugel,D66,25 oktober 2023,5 december 2023
Thom van Campen,van Campen,VVD,31 maart 2021,
Martijn van Dam,van Dam,PvdA,30 november 2006,2 november 2015
Chris van Dam,van Dam,CDA,23 maart 2017,30 maart 2021
Tjeerd van Dekken,van Dekken,PvdA,17 juni 2010,22 maart 2017
Teun van Dijck,van Dijck,PVV,30 november 2006,30 maart 2021
Tony van Dijck,van Dijck,PVV,6 december 2023,
Diederik van Dijk,van Dijk,SGP,6 december 2023,
Emiel van Dijk,van Dijk,PVV,6 december 2023,
Emiel van Dijk,van Dijk,PVV,12 december 2018,30 maart 2021
Emiel van Dijk,van Dijk,PVV,3 april 2018,20 juli 2018
Otwin van Dijk,van Dijk,PvdA,20 september 2012,5 juli 2016
Olger van Dijk,van Dijk,NSC,6 december 2023,
Inge van Dijk,van Dijk,CDA,6 december 2023,
Gijs van Dijk,van Dijk,PvdA,23 maart 2017,30 maart 2021
Jan Jacob van Dijk,van Dijk,CDA,30 november 2006,16 juni 2010
Jasper van Dijk,van Dijk,SP,30 november 2006,30 maart 2021
Marjo van Dijken,van Dijken,PvdA,1 maart 2007,16 juni 2010
Wendy van Eijk-Nagel,van Eijk-Nagel,VVD,6 december 2023,
Jessica van Eijs,van Eijs,D66,23 maart 2017,30 maart 2021
Ingrid van Engelshoven,van Engelshoven,D66,23 maart 2017,25 oktober 2017
Eva van Esch,van Esch,PvdD,9 oktober 2019,5 december 2023
Pieter van Geel,van Geel,CDA,30 november 2006,16 juni 2010
Karien van Gennip,van Gennip,CDA,30 november 2006,3 september 2008
Ineke van Gent,van Gent,GL,30 november 2006,19 september 2012
Tobias van Gent,van Gent,VVD,5 september 2018,30 maart 2021
Henk van Gerven,van Gerven,SP,3 april 2018,30 maart 2021
Henk van Gerven,van Gerven,SP,30 november 2006,22 maart 2017
Rosita van Gijlswijk,van Gijlswijk,SP,30 november 2006,15 januari 2008
Lisa van Ginneken,van Ginneken,D66,31 maart 2021,5 december 2023
Peter van Haasen,van Haasen,PVV,6 december 2023,
Sybrand van Haersma Buma,van Haersma Buma,CDA,30 november 2006,29 mei 2019
Wybren van Haga,van Haga,FVD,30 november 2020,5 december 2023
Wybren van Haga,van Haga,Groep-Van Haga,31 maart 2021,5 december 2023
Wybren van Haga,van Haga,Van Haga,7 oktober 2019,30 november 2020
Wybren van Haga,van Haga,VVD,31 oktober 2017,24 september 2019
Martijn van Helvert,van Helvert,CDA,12 november 2014,30 maart 2021
Ruud van Heugten,van Heugten,CDA,30 november 2006,11 december 2009
Eddy van Hijum,van Hijum,CDA,30 november 2006,11 november 2014
Eddy van Hijum,van Hijum,NSC,6 december 2023,2 juli 2024
Pepijn van Houwelingen,van Houwelingen,FVD,31 maart 2021,5 december 2023
Pepijn van Houwelingen,van Houwelingen,FVD,18 januari 2024,19 november 2024
Bart van Kent,van Kent,SP,23 maart 2017,
Joram van Klaveren,van Klaveren,PVV,17 juni 2010,21 maart 2014
Joram van Klaveren,van Klaveren,Fractie-Bontes/Van Klaveren,15 april 2014,22 maart 2017
Joram van Klaveren,van Klaveren,Lid-Klaveren,22 maart 2014,14 april 2014
Femke Merel van Kooten-Arissen,van Kooten-Arissen,Van Kooten-Arissen,5 augustus 2020,30 maart 2021
Femke Merel van Kooten-Arissen,van Kooten-Arissen,Van Kooten-Arissen,16 juli 2019,2 mei 2020
Femke Merel van Kooten-Arissen,van Kooten-Arissen,PvdD,23 maart 2017,14 oktober 2018
Femke Merel van Kooten-Arissen,van Kooten-Arissen,PvdD,4 februari 2019,15 juli 2019
Femke Merel van Kooten-Arissen,van Kooten-Arissen,Groep Krol/van Kooten-Arissen,3 mei 2020,4 augustus 2020
Roelof van Laar,van Laar,PvdA,14 mei 2013,22 maart 2017
Hans van Leeuwen,van Leeuwen,SP,30 november 2006,16 juni 2010
Paul van Meenen,van Meenen,D66,20 september 2012,6 juni 2023
Rachel van Meetelen,van Meetelen,PVV,6 december 2023,
Gideon van Meijeren,van Meijeren,FVD,31 maart 2021,
Anouchka van Miltenburg,van Miltenburg,VVD,30 november 2006,22 maart 2017
Cora van Nieuwenhuizen,van Nieuwenhuizen,VVD,17 juni 2010,30 juni 2014
Michiel van Nispen,van Nispen,SP,2 april 2014,
Bram van Ojik,van Ojik,GL,23 maart 2017,30 maart 2021
Bram van Ojik,van Ojik,GL,20 september 2012,9 mei 2015
Foort van Oosten,van Oosten,VVD,20 september 2012,19 februari 2019
Tjebbe van Oostenbruggen,van Oostenbruggen,NSC,6 december 2023,15 november 2024
Gerrit-Jan van Otterloo,van Otterloo,50+,11 juni 2019,30 maart 2021
Ronald van Raak,van Raak,SP,30 november 2006,30 maart 2021
Lammert van Raan,van Raan,PvdD,23 maart 2017,5 december 2023
Martin van Rooijen,van Rooijen,50+,23 maart 2017,10 juni 2019
Pim van Strien,van Strien,VVD,31 maart 2021,5 december 2023
Liesbeth van Tongeren,van Tongeren,GL,17 juni 2010,12 juni 2018
Madeleine van Toorenburg,van Toorenburg,CDA,1 maart 2007,30 maart 2021
Michiel van Veen,van Veen,VVD,20 september 2012,29 november 2016
Stientje van Veldhoven,van Veldhoven,D66,17 juni 2010,25 oktober 2017
Krista van Velzen,van Velzen,SP,30 november 2006,16 juni 2010
Roland van Vliet,van Vliet,Lid-Van Vliet,21 maart 2014,22 maart 2017
Roland van Vliet,van Vliet,PVV,17 juni 2010,20 maart 2014
Nicolien van Vroonhoven,van Vroonhoven,NSC,6 december 2023,
Nicolien van Vroonhoven-Kok,van Vroonhoven-Kok,CDA,30 november 2006,27 april 2008
Nicolien van Vroonhoven-Kok,van Vroonhoven-Kok,CDA,17 augustus 2008,16 juni 2010
Sander van Waveren,van Waveren,NSC,3 december 2024,
Danai van Weerdenburg,van Weerdenburg,PVV,23 maart 2017,5 december 2023
Steven van Weyenberg,van Weyenberg,D66,18 januari 2022,5 december 2023
Steven van Weyenberg,van Weyenberg,D66,20 september 2012,2 september 2021
Jeroen van Wijngaarden,van Wijngaarden,VVD,20 februari 2019,26 oktober 2023
Jeroen van Wijngaarden,van Wijngaarden,VVD,1 juli 2014,22 maart 2017
Claudia van Zanten,van Zanten,BBB,6 december 2023,
Wim van de Camp,van de Camp,CDA,30 november 2006,14 juli 2009
Gerard van den Anker,van den Anker,CDA,12 januari 2021,30 maart 2021
Joba van den Berg,van den Berg,CDA,29 april 2021,16 augustus 2021
Joba van den Berg,van den Berg,CDA,7 september 2021,5 december 2023
Joba van den Berg-Jansen,van den Berg-Jansen,CDA,23 maart 2017,30 maart 2021
Niels van den Berge,van den Berge,GL,5 juni 2019,30 maart 2021
Niels van den Berge,van den Berge,GL,12 januari 2011,10 maart 2011
Vincent van den Born,van den Born,PVV,6 december 2023,
Albert van den Bosch,van den Bosch,VVD,23 maart 2017,30 maart 2021
Bart van den Brink,van den Brink,CDA,10 mei 2023,5 december 2023
Jacqueline van den Hil,van den Hil,VVD,4 juli 2024,
Jacqueline van den Hil,van den Hil,VVD,12 december 2023,28 maart 2024
Jacqueline van den Hil,van den Hil,VVD,31 maart 2021,5 december 2023
Kirsten van den Hul,van den Hul,PvdA,23 maart 2017,30 maart 2021
Tom van den Nieuwenhuijzen,van den Nieuwenhuijzen,GL,7 mei 2020,30 maart 2021
Eric van der Burg,van der Burg,VVD,6 december 2023,
Brigitte van der Burg,van der Burg,VVD,30 november 2006,22 maart 2017
Stieneke van der Graaf,van der Graaf,CU,31 oktober 2017,25 maart 2019
Stieneke van der Graaf,van der Graaf,CU,18 januari 2022,5 december 2023
Stieneke van der Graaf,van der Graaf,CU,16 juli 2019,30 maart 2021
Boris van der Ham,van der Ham,D66,30 november 2006,19 september 2012
Patrick van der Hoeff,van der Hoeff,PVV,6 december 2023,
Maria van der Hoeven,van der Hoeven,CDA,30 november 2006,21 februari 2007
Cees van der Knaap,van der Knaap,CDA,30 november 2006,21 februari 2007
Jeanet van der Laan,van der Laan,D66,31 maart 2021,5 december 2023
Tom van der Lee,van der Lee,GL,23 maart 2017,5 december 2023
Tom van der Lee,van der Lee,GL-PvdA,31 maart 2021,
Roald van der Linde,van der Linde,VVD,7 september 2017,30 maart 2021
Roald van der Linde,van der Linde,VVD,8 november 2012,22 maart 2017
Harry van der Molen,van der Molen,CDA,17 augustus 2021,6 september 2021
Harry van der Molen,van der Molen,CDA,23 maart 2017,26 april 2021
Harry van der Molen,van der Molen,CDA,28 december 2021,22 december 2022
Caroline van der Plas,van der Plas,BBB,31 maart 2021,
Daniël van der Ree,van der Ree,VVD,7 september 2016,22 maart 2017
Kees van der Staaij,van der Staaij,SGP,30 november 2006,5 december 2023
Ard van der Steur,van der Steur,VVD,17 juni 2010,19 maart 2015
Eelke van der Veen,van der Veen,PvdA,30 november 2006,16 juni 2010
Eeke van der Veen,van der Veen,PvdA,17 juni 2010,19 september 2012
Martine van der Velde,van der Velde,PVV,6 december 2023,
Rien van der Velde,van der Velde,PvdA,25 oktober 2016,22 maart 2017
Bas van der Vlies,van der Vlies,SGP,30 november 2006,16 juni 2010
Christianne van der Wal,van der Wal,VVD,6 december 2023,
Hanneke van der Werf,van der Werf,D66,31 maart 2021,1 oktober 2023
Hanneke van der Werf,van der Werf,D66,29 maart 2024,
Hanneke van der Werf,van der Werf,D66,6 december 2023,7 december 2023
Marieke van der Werf,van der Werf,CDA,11 januari 2011,19 september 2012
Hatte van der Woude,van der Woude,VVD,31 maart 2021,5 december 2023
Yasemin Çegerek,Çegerek,SP,12 december 2013,22 maart 2017
Yasemin Çegerek,Çegerek,SP,18 juni 2013,21 augustus 2013
Metin Çelik,Çelik,PvdA,17 juni 2010,19 september 2012
Coskun Çörüz,Çörüz,CDA,30 november 2006,28 februari 2012
Zihni Özdil,Özdil,GL,23 maart 2017,4 juni 2019
Selçuk Öztürk,Öztürk,Groep-Kuzu/Öztürk,14 november 2014,22 maart 2017
Selçuk Öztürk,Öztürk,PvdA,8 november 2012,13 november 2014
Selçuk Öztürk,Öztürk,DENK,23 maart 2017,30 maart 2021
Nevin Özütok,Özütok,GL,23 maart 2017,30 maart 2021
Emre Ünver,Ünver,PvdA,14 december 2016,14 februari 2017
